taxon_name_original,CHECK,species,famille,genre,espece,taxon_name,phytochemical_diversity_full,div_group,Aternative,comm,Kind,SortScore,MatchType,EditDistance,ScientificName,MatchedName,MatchedCanonical,TaxonId,CurrentName,Synonym,DataSourceId,DataSourceTitle,ClassificationPath,Error
Anthyllis vulneraria,ok,anthyllis_vulneraria,Fabaceae,Anthyllis,vulneraria,Anthyllis vulneraria,3008,top,,,BestMatch,9.41215,Exact,0,Anthyllis vulneraria,Anthyllis vulneraria L.,Anthyllis vulneraria,5VK74,Anthyllis vulneraria L.,false,1,Catalogue of Life,Eukaryota|Plantae|Pteridobiotina|Tracheophyta|Magnoliopsida|Fabales|Fabaceae|Anthyllis|Anthyllis vulneraria,
Thymus serpyllum,ok,thymus_serpyllum,Lamiaceae,Thymus,serpyllum,Thymus serpyllum,2603,top,,,BestMatch,9.41215,Exact,0,Thymus serpyllum,Thymus serpyllum L.,Thymus serpyllum,56RDY,Thymus serpyllum L.,false,1,Catalogue of Life,Eukaryota|Plantae|Pteridobiotina|Tracheophyta|Magnoliopsida|Lamiales|Lamiaceae|Nepetoideae|Mentheae|Menthinae|Thymus|Thymus serpyllum,
Stachys officinalis,ok,stachys_officinalis,Lamiaceae,Stachys,officinalis,Stachys officinalis,2524,top,,,BestMatch,9.41180,Exact,0,Stachys officinalis,Stachys officinalis (L.) Trevis.,Stachys officinalis,4ZFSZ,Betonica officinalis subsp. officinalis,true,1,Catalogue of Life,Eukaryota|Plantae|Pteridobiotina|Tracheophyta|Magnoliopsida|Lamiales|Lamiaceae|Lamioideae|Betoniceae|Betonica|Betonica officinalis|Betonica officinalis officinalis,
Bupleurum falcatum,non,bupleurum_falcatum,Apiaceae,Bupleurum,falcatum,Bupleurum falcatum,2248,top,,,BestMatch,9.41215,Exact,0,Bupleurum falcatum,Bupleurum falcatum L.,Bupleurum falcatum,NVNV,Bupleurum falcatum L.,false,1,Catalogue of Life,Eukaryota|Plantae|Pteridobiotina|Tracheophyta|Magnoliopsida|Apiales|Apiaceae|Bupleurum|Bupleurum falcatum,
Vincetoxicum hirundinaria,non,vincetoxicum_hirundinaria,Apocynaceae,Vincetoxicum,hirundinaria,Vincetoxicum hirundinaria,2218,top,,,BestMatch,9.41215,Exact,0,Vincetoxicum hirundinaria,Vincetoxicum hirundinaria Medik.,Vincetoxicum hirundinaria,7FRQX,Vincetoxicum hirundinaria Medik.,false,1,Catalogue of Life,Eukaryota|Plantae|Pteridobiotina|Tracheophyta|Magnoliopsida|Gentianales|Apocynaceae|Asclepiadoideae|Asclepiadeae|Tylophorinae|Vincetoxicum|Vincetoxicum hirundinaria,
Stachys recta,ok,stachys_recta,Lamiaceae,Stachys,recta,Stachys recta,2179,top,,,BestMatch,9.41215,Exact,0,Stachys recta,Stachys recta L.,Stachys recta,4ZFVT,Stachys recta L.,false,1,Catalogue of Life,Eukaryota|Plantae|Pteridobiotina|Tracheophyta|Magnoliopsida|Lamiales|Lamiaceae|Lamioideae|Stachydeae|Stachys|Stachys recta,
Thalictrum minus,éviter si possible,thalictrum_minus,Ranunculaceae,Thalictrum,minus,Thalictrum minus,2174,top,,,BestMatch,9.41215,Exact,0,Thalictrum minus,Thalictrum minus L.,Thalictrum minus,562CN,Thalictrum minus L.,false,1,Catalogue of Life,Eukaryota|Plantae|Pteridobiotina|Tracheophyta|Magnoliopsida|Ranunculales|Ranunculaceae|Thalictroideae|Thalictrum|Thalictrum minus,
Primula hirsuta,ok,primula_?,Primulaceae,Primula,hirsuta,Primula hirsuta,2164,top,,,BestMatch,9.41215,Exact,0,Primula hirsuta,Primula hirsuta All.,Primula hirsuta,4MCWD,Primula hirsuta All.,false,1,Catalogue of Life,Eukaryota|Plantae|Pteridobiotina|Tracheophyta|Magnoliopsida|Ericales|Primulaceae|Primuloideae|Primula|Primula hirsuta,
Ajuga reptans,ok,ajuga_reptans,Lamiaceae,Ajuga,reptans,Ajuga reptans,2158,top,,,BestMatch,9.41215,Exact,0,Ajuga reptans,Ajuga reptans L.,Ajuga reptans,65V5Y,Ajuga reptans L.,false,1,Catalogue of Life,Eukaryota|Plantae|Pteridobiotina|Tracheophyta|Magnoliopsida|Lamiales|Lamiaceae|Ajugoideae|Ajugeae|Ajuginae|Ajuga|Ajuga reptans,
Brachypodium pinnatum,ok,brachypodium_pinnatum,Poaceae,Brachypodium,pinnatum,Brachypodium pinnatum,2112,top,,,BestMatch,9.41215,Exact,0,Brachypodium pinnatum,Brachypodium pinnatum (L.) P.Beauv.,Brachypodium pinnatum,MYMG,Brachypodium pinnatum (L.) P.Beauv.,false,1,Catalogue of Life,Eukaryota|Plantae|Pteridobiotina|Tracheophyta|Liliopsida|Poales|Poaceae|Brachypodium|Brachypodium pinnatum,
Centaurea jacea,ok,centaurea_jacea,Compositae,Centaurea,jacea,Centaurea jacea,2074,top,,,BestMatch,9.41215,Exact,0,Centaurea jacea,Centaurea jacea L.,Centaurea jacea,S6S6,Centaurea jacea L.,false,1,Catalogue of Life,Eukaryota|Plantae|Pteridobiotina|Tracheophyta|Magnoliopsida|Asterales|Asteraceae|Carduoideae|Cardueae|Centaureinae|Centaurea|Centaurea jacea,
Medicago sativa,non,medicago_sativa,Fabaceae,Medicago,sativa,Medicago sativa,2071,top,Medicago lupulina,invasive,BestMatch,9.41215,Exact,0,Medicago sativa,Medicago sativa L.,Medicago sativa,3YNPB,Medicago sativa L.,false,1,Catalogue of Life,Eukaryota|Plantae|Pteridobiotina|Tracheophyta|Magnoliopsida|Fabales|Fabaceae|Medicago|Medicago sativa,
Verbascum nigrum,éviter si possible,verbascum_nigrum,Scrophulariaceae,Verbascum,nigrum,Verbascum nigrum,2013,top,,invasive ?,BestMatch,9.41215,Exact,0,Verbascum nigrum,Verbascum nigrum L.,Verbascum nigrum,7G2DQ,Verbascum nigrum L.,false,1,Catalogue of Life,Eukaryota|Plantae|Pteridobiotina|Tracheophyta|Magnoliopsida|Lamiales|Scrophulariaceae|Scrophularieae|Verbascum|Verbascum nigrum,
Origanum vulgare,ok,origanum_vulgare,Lamiaceae,Origanum,vulgare,Origanum vulgare,2003,top,,,BestMatch,9.41215,Exact,0,Origanum vulgare,Origanum vulgare L.,Origanum vulgare,6T7B5,Origanum vulgare L.,false,1,Catalogue of Life,Eukaryota|Plantae|Pteridobiotina|Tracheophyta|Magnoliopsida|Lamiales|Lamiaceae|Nepetoideae|Mentheae|Menthinae|Origanum|Origanum vulgare,
Ononis spinosa,ok,ononis_spinosa,Fabaceae,Ononis,spinosa,Ononis spinosa,1982,top,,,BestMatch,9.41215,Exact,0,Ononis spinosa,Ononis spinosa L.,Ononis spinosa,49LF6,Ononis spinosa L.,false,1,Catalogue of Life,Eukaryota|Plantae|Pteridobiotina|Tracheophyta|Magnoliopsida|Fabales|Fabaceae|Ononis|Ononis spinosa,
Linum alpinum,ok,linum_alpinum,Linaceae,Linum,alpinum,Linum alpinum,1976,top,,,BestMatch,9.41215,Exact,0,Linum alpinum,Linum alpinum Jacq.,Linum alpinum,3V4LS,Linum alpinum Jacq.,false,1,Catalogue of Life,Eukaryota|Plantae|Pteridobiotina|Tracheophyta|Magnoliopsida|Malpighiales|Linaceae|Lineae|Linum|Linum alpinum,
Galium verum,ok,galium_verum,Rubiaceae,Galium,verum,Galium verum,1955,top,,,BestMatch,9.41215,Exact,0,Galium verum,Galium verum L.,Galium verum,3F6PX,Galium verum L.,false,1,Catalogue of Life,Eukaryota|Plantae|Pteridobiotina|Tracheophyta|Magnoliopsida|Gentianales|Rubiaceae|Rubioideae|Rubieae|Galiinae|Galium|Galium verum,
Potentilla erecta,ok,potentilla_erecta,Rosaceae,Potentilla,erecta,Potentilla erecta,1949,top,P. argentea,n'a vraiment pas la meme ecologie que les autres (acidophile),BestMatch,9.41215,Exact,0,Potentilla erecta,Potentilla erecta (L.) Raeusch.,Potentilla erecta,6VVPW,Potentilla erecta (L.) Raeusch.,false,1,Catalogue of Life,Eukaryota|Plantae|Pteridobiotina|Tracheophyta|Magnoliopsida|Rosales|Rosaceae|Rosoideae|Potentilleae|Potentillinae|Potentilla|Potentilla erecta,
Bromus erectus,ok,bromus_erectus,Poaceae,Bromus,erectus,Bromus erectus,1947,top,,,BestMatch,9.41215,Exact,0,Bromus erectus,Bromus erectus Huds.,Bromus erectus,NCYR,Bromus erectus Huds.,false,1,Catalogue of Life,Eukaryota|Plantae|Pteridobiotina|Tracheophyta|Liliopsida|Poales|Poaceae|Bromus|Bromus erectus,
Veronica teucrium,non,veronica_teucrium,Plantaginaceae,Veronica,teucrium,Veronica teucrium,1943,top,,,BestMatch,9.41215,Exact,0,Veronica teucrium,Veronica teucrium L.,Veronica teucrium,5B7FG,Veronica teucrium L.,false,1,Catalogue of Life,Eukaryota|Plantae|Pteridobiotina|Tracheophyta|Magnoliopsida|Lamiales|Plantaginaceae|Digitalidoideae|Veroniceae|Veronica|Veronica teucrium,
Potentilla grandiflora,ok,potentilla_grandiflora,Rosaceae,Potentilla,grandiflora,Potentilla grandiflora,1942,top,Potentilla aurea ?,acidophile,BestMatch,9.41215,Exact,0,Potentilla grandiflora,Potentilla grandiflora L.,Potentilla grandiflora,78829,Potentilla grandiflora L.,false,1,Catalogue of Life,Eukaryota|Plantae|Pteridobiotina|Tracheophyta|Magnoliopsida|Rosales|Rosaceae|Rosoideae|Potentilleae|Potentillinae|Potentilla|Potentilla grandiflora,
Saponaria ocymoides,ok,saponaria_ocymoides,Caryophyllaceae,Saponaria,ocymoides,Saponaria ocymoides,1938,top,,,BestMatch,9.41215,Exact,0,Saponaria ocymoides,Saponaria ocymoides L.,Saponaria ocymoides,79L79,Saponaria ocymoides L.,false,1,Catalogue of Life,Eukaryota|Plantae|Pteridobiotina|Tracheophyta|Magnoliopsida|Caryophyllales|Caryophyllaceae|Caryophylleae|Caryophyllinae|Saponaria|Saponaria ocymoides,
Achillea millefolium,ok,achillea_millefolium,Asteraceae,Achillea,millefolium,Achillea millefolium,1931,top,,,BestMatch,9.41215,Exact,0,Achillea millefolium,Achillea millefolium L.,Achillea millefolium,97H4,Achillea millefolium L.,false,1,Catalogue of Life,Eukaryota|Plantae|Pteridobiotina|Tracheophyta|Magnoliopsida|Asterales|Asteraceae|Asteroideae|Anthemideae|Matricariinae|Achillea|Achillea millefolium,
Saxifraga paniculata,ok,saxifraga_?,Saxifragaceae,Saxifraga,paniculata,Saxifraga paniculata,703,bottom,,,BestMatch,9.41215,Exact,0,Saxifraga paniculata,Saxifraga paniculata Mill.,Saxifraga paniculata,6Y37B,Saxifraga paniculata Mill.,false,1,Catalogue of Life,Eukaryota|Plantae|Pteridobiotina|Tracheophyta|Magnoliopsida|Saxifragales|Saxifragaceae|Saxifrageae|Saxifraga|Saxifraga paniculata,
Geranium sanguineum,non,geranium_sanguineum,Geraniaceae,Geranium,sanguineum,Geranium sanguineum,807,bottom,,,BestMatch,9.41215,Exact,0,Geranium sanguineum,Geranium sanguineum L.,Geranium sanguineum,3FV5W,Geranium sanguineum L.,false,1,Catalogue of Life,Eukaryota|Plantae|Pteridobiotina|Tracheophyta|Magnoliopsida|Geraniales|Geraniaceae|Geranium|Geranium sanguineum,
Luzula sylvatica,ok,luzula_?,Juncaceae,Luzula,sylvatica,Luzula sylvatica,993,bottom,,,BestMatch,9.41215,Exact,0,Luzula sylvatica,Luzula sylvatica (Huds.) Gaudin,Luzula sylvatica,3WHKH,Luzula sylvatica (Huds.) Gaudin,false,1,Catalogue of Life,Eukaryota|Plantae|Pteridobiotina|Tracheophyta|Liliopsida|Poales|Juncaceae|Luzula|Luzula sylvatica,
Sesleria caerulea,ok,sesleria_caerulea,Poaceae,Sesleria,caerulea,Sesleria caerulea,1010,bottom,,,BestMatch,9.41215,Exact,0,Sesleria caerulea,Sesleria caerulea (L.) Ard.,Sesleria caerulea,4WZRY,Sesleria caerulea (L.) Ard.,false,1,Catalogue of Life,Eukaryota|Plantae|Pteridobiotina|Tracheophyta|Liliopsida|Poales|Poaceae|Sesleria|Sesleria caerulea,
Festuca valesiaca,ok,festuca_valesiaca,Poaceae,Festuca,valesiaca,Festuca valesiaca,1016,bottom,,,BestMatch,9.41215,Exact,0,Festuca valesiaca,Festuca valesiaca Schleich. ex Gaudin,Festuca valesiaca,6HTG5,Festuca valesiaca Schleich. ex Gaudin,false,1,Catalogue of Life,Eukaryota|Plantae|Pteridobiotina|Tracheophyta|Liliopsida|Poales|Poaceae|Festuca|Festuca valesiaca,
Sempervivum tectorum,ok,sempervivum_tectorum,Crassulaceae,Sempervivum,tectorum,Sempervivum tectorum,1041,bottom,,,BestMatch,9.41215,Exact,0,Sempervivum tectorum,Sempervivum tectorum L.,Sempervivum tectorum,4WJ47,Sempervivum tectorum L.,false,1,Catalogue of Life,Eukaryota|Plantae|Pteridobiotina|Tracheophyta|Magnoliopsida|Saxifragales|Crassulaceae|Sempervivoideae|Semperviveae|Sempervivum|Sempervivum tectorum,
Alchemilla conjuncta,ok,alchemilla_conjuncta,Rosaceae,Alchemilla,conjuncta,Alchemilla conjuncta,1124,bottom,,,BestMatch,9.41215,Exact,0,Alchemilla conjuncta,Alchemilla conjuncta Bab.,Alchemilla conjuncta,5TVVV,Alchemilla conjuncta Bab.,false,1,Catalogue of Life,Eukaryota|Plantae|Pteridobiotina|Tracheophyta|Magnoliopsida|Rosales|Rosaceae|Rosoideae|Potentilleae|Fragariinae|Alchemilla|Alchemilla conjuncta,
Festuca arundinacea,ok,festuca_arundinacea,Poaceae,Festuca,arundinacea,Festuca arundinacea,1181,bottom,,,BestMatch,9.41180,Exact,0,Festuca arundinacea,Festuca arundinacea Schreb.,Festuca arundinacea,6HRRJ,Lolium arundinaceum (Schreb.) Darbysh.,true,1,Catalogue of Life,Eukaryota|Plantae|Pteridobiotina|Tracheophyta|Liliopsida|Poales|Poaceae|Lolium|Lolium arundinaceum,
Dianthus carthusianorum,non,dianthus_carthusianorum,Caryophyllaceae,Dianthus,carthusianorum,Dianthus carthusianorum,1184,bottom,,,BestMatch,9.41215,Exact,0,Dianthus carthusianorum,Dianthus carthusianorum L.,Dianthus carthusianorum,6CPYS,Dianthus carthusianorum L.,false,1,Catalogue of Life,Eukaryota|Plantae|Pteridobiotina|Tracheophyta|Magnoliopsida|Caryophyllales|Caryophyllaceae|Caryophylleae|Caryophyllinae|Dianthus|Dianthus carthusianorum,
Sedum sexangulare,ok,sedum_sexangulare,Crassulaceae,Sedum,sexangulare,Sedum sexangulare,1195,bottom,,boutures ?,BestMatch,9.41215,Exact,0,Sedum sexangulare,Sedum sexangulare L.,Sedum sexangulare,4W9XL,Sedum sexangulare L.,false,1,Catalogue of Life,Eukaryota|Plantae|Pteridobiotina|Tracheophyta|Magnoliopsida|Saxifragales|Crassulaceae|Sempervivoideae|Sedeae|Sedum|Sedum sexangulare,
Mercurialis perennis,ok,mercurialis_perennis,Euphorbiaceae,Mercurialis,perennis,Mercurialis perennis,1202,bottom,,,BestMatch,9.41215,Exact,0,Mercurialis perennis,Mercurialis perennis L.,Mercurialis perennis,3ZTK4,Mercurialis perennis L.,false,1,Catalogue of Life,Eukaryota|Plantae|Pteridobiotina|Tracheophyta|Magnoliopsida|Malpighiales|Euphorbiaceae|Acalyphoideae|Acalypheae|Mercurialinae|Mercurialis|Mercurialis perennis,
Melica ciliata,ok,melica_ciliata,Poaceae,Melica,ciliata,Melica ciliata,1212,bottom,,,BestMatch,9.41215,Exact,0,Melica ciliata,Melica ciliata L.,Melica ciliata,72YQN,Melica ciliata L.,false,1,Catalogue of Life,Eukaryota|Plantae|Pteridobiotina|Tracheophyta|Liliopsida|Poales|Poaceae|Melica|Melica ciliata,
Festuca laevigata,non,festuca_laevigata,Poaceae,Festuca,laevigata,Festuca laevigata,1230,bottom,,,BestMatch,9.41215,Exact,0,Festuca laevigata,Festuca laevigata Gaudin,Festuca laevigata,6HSN6,Festuca laevigata Gaudin,false,1,Catalogue of Life,Eukaryota|Plantae|Pteridobiotina|Tracheophyta|Liliopsida|Poales|Poaceae|Festuca|Festuca laevigata,
Tussilago farfara,ok,tussilago_farfara,Compositae,Tussilago,farfara,Tussilago farfara,1240,bottom,,,BestMatch,9.41215,Exact,0,Tussilago farfara,Tussilago farfara L.,Tussilago farfara,59R86,Tussilago farfara L.,false,1,Catalogue of Life,Eukaryota|Plantae|Pteridobiotina|Tracheophyta|Magnoliopsida|Asterales|Asteraceae|Asteroideae|Senecioneae|Tussilagininae|Tussilago|Tussilago farfara,
Stachys sylvatica,ok,stachys_sylvatica,Lamiaceae,Stachys,sylvatica,Stachys sylvatica,1250,bottom,,,BestMatch,9.41215,Exact,0,Stachys sylvatica,Stachys sylvatica L.,Stachys sylvatica,4ZFZC,Stachys sylvatica L.,false,1,Catalogue of Life,Eukaryota|Plantae|Pteridobiotina|Tracheophyta|Magnoliopsida|Lamiales|Lamiaceae|Lamioideae|Stachydeae|Stachys|Stachys sylvatica,
Hieracium villosum,ok,hieracium_villosum,Asteraceae,Hieracium,villosum,Hieracium villosum,1251,bottom,,,BestMatch,9.41215,Exact,0,Hieracium villosum,Hieracium villosum Jacq.,Hieracium villosum,6LWQH,Hieracium villosum Jacq.,false,1,Catalogue of Life,Eukaryota|Plantae|Pteridobiotina|Tracheophyta|Magnoliopsida|Asterales|Asteraceae|Cichorioideae|Cichorieae|Hieraciinae|Hieracium|Hieracium villosum,
Festuca ovina,ok,festuca_ovina,Poaceae,Festuca,ovina,Festuca ovina,1262,bottom,,,BestMatch,9.41215,Exact,0,Festuca ovina,Festuca ovina L.,Festuca ovina,6HST6,Festuca ovina L.,false,1,Catalogue of Life,Eukaryota|Plantae|Pteridobiotina|Tracheophyta|Liliopsida|Poales|Poaceae|Festuca|Festuca ovina,
Hieracium murorum,ok,hieracium_murorum,Asteraceae,Hieracium,murorum,Hieracium murorum,1266,bottom,,,BestMatch,9.41215,Exact,0,Hieracium murorum,Hieracium murorum L.,Hieracium murorum,3LR8R,Hieracium murorum L.,false,1,Catalogue of Life,Eukaryota|Plantae|Pteridobiotina|Tracheophyta|Magnoliopsida|Asterales|Asteraceae|Cichorioideae|Cichorieae|Hieraciinae|Hieracium|Hieracium murorum,
Koeleria vallesiana,non,koeleria_vallesiana,Poaceae,Koeleria,vallesiana,Koeleria vallesiana,1268,bottom,,,BestMatch,9.41215,Exact,0,Koeleria vallesiana,Koeleria vallesiana (Honck.) Gaudin,Koeleria vallesiana,8WW6K,Koeleria vallesiana (Honck.) Gaudin,false,1,Catalogue of Life,Eukaryota|Plantae|Pteridobiotina|Tracheophyta|Liliopsida|Poales|Poaceae|Koeleria|Koeleria vallesiana,
Primula veris,ok,primula_veris,Primulaceae,Primula,veris,Primula veris,1271,bottom,,,BestMatch,9.41215,Exact,0,Primula veris,Primula veris L.,Primula veris,4MDK3,Primula veris L.,false,1,Catalogue of Life,Eukaryota|Plantae|Pteridobiotina|Tracheophyta|Magnoliopsida|Ericales|Primulaceae|Primuloideae|Primula|Primula veris,
Stipa pennata,ok,stipa_pennata,Poaceae,Stipa,pennata,Stipa pennata,1282,bottom,,,BestMatch,9.41215,Exact,0,Stipa pennata,Stipa pennata L.,Stipa pennata,6ZVPW,Stipa pennata L.,false,1,Catalogue of Life,Eukaryota|Plantae|Pteridobiotina|Tracheophyta|Liliopsida|Poales|Poaceae|Stipa|Stipa pennata,
Polygonum bistorta,ok,polygonum_bistorta,Polygonaceae,Polygonum,bistorta,Polygonum bistorta,1285,bottom,,,BestMatch,9.41180,Exact,0,Polygonum bistorta,Polygonum bistorta L.,Polygonum bistorta,4L95W,Bistorta officinalis subsp. officinalis,true,1,Catalogue of Life,Eukaryota|Plantae|Pteridobiotina|Tracheophyta|Magnoliopsida|Caryophyllales|Polygonaceae|Polygonoideae|Persicarieae|Bistorta|Bistorta officinalis|Bistorta officinalis officinalis,
